Semana,Data,Fase,Atividade,Owner,Status,Progresso%,Notas
-8,2026-09-28,FASE_0,Comitê primeira reunião,CEO,PLANEJADO,0%,"Agendar para terça-feira 10h"
-8,2026-09-28,FASE_0,Avaliar TI readiness,CTO,PLANEJADO,0%,"VPN, bandwidth, segurança"
-8,2026-09-28,FASE_0,Mapear processos Ops,COO,PLANEJADO,0%,"Todos os processos críticos"
-8,2026-09-28,FASE_0,Apresentar a executivos,CEO,PLANEJADO,0%,"Go/no-go decision"
-8,2026-09-28,FASE_0,Comunicação confidencial liderança,CEO,PLANEJADO,0%,"Email + Zoom opcional"
-7,2026-10-05,FASE_0,Testes TI infraestrutura,CTO,PLANEJADO,0%,"VPN 99.9% uptime"
-7,2026-10-05,FASE_0,Redesenho Ops processos,COO,PLANEJADO,0%,"70% dos críticos"
-7,2026-10-05,FASE_0,Recrutar Campeões,VP Eng,PLANEJADO,0%,"15-20 voluntários Eng"
-6,2026-10-12,FASE_0,Finalizar TI readiness,CTO,PLANEJADO,0%,"Go/no-go final"
-6,2026-10-12,FASE_0,Aprovar Ops redesign,COO,PLANEJADO,0%,"100% procs documentados"
-6,2026-10-12,FASE_0,Confirmar orçamento,CFO,PLANEJADO,0%,"R$ 189.8K liberado"
-6,2026-10-12,FASE_0,DECISÃO: GO-LIVE,CEO,PLANEJADO,0%,"Comitê aprovação final"
-5,2026-10-19,FASE_1,Treinamento Campeões Dia 1,VP Eng,PLANEJADO,0%,"Tech basics + Slack"
-5,2026-10-19,FASE_1,Town Hall CEO,CEO,PLANEJADO,0%,"Comunicação formal"
-5,2026-10-19,FASE_1,Campanha Comunicação início,Communications,PLANEJADO,0%,"3 posts por semana"
-4,2026-10-26,FASE_1,Treinamento Campeões Dia 2-3,VP Eng,PLANEJADO,0%,"Psicologia + Role-play"
-4,2026-10-26,FASE_1,Workshop Liderança Turma 1-2,People Ops,PLANEJADO,0%,"2 dias, 80 gestores"
-4,2026-10-26,FASE_1,1:1 Clientes top 5,VP Sales,PLANEJADO,0%,"Calls com decisores"
-3,2026-11-02,FASE_1,Workshop Liderança Turma 3-4,People Ops,PLANEJADO,0%,"Continuação"
-3,2026-11-02,FASE_1,Mapeamento Ops detalhado,COO,PLANEJADO,0%,"Full day"
-3,2026-11-02,FASE_1,Video Eng Sênior publicado,Communications,PLANEJADO,0%,"3 min, story pessoal"
-3,2026-11-02,FASE_1,1:1 Clientes 6-20,VP Sales,PLANEJADO,0%,"Continuação"
-2,2026-11-09,FASE_1,Workshop Liderança Turma 5,People Ops,PLANEJADO,0%,"Última turma"
-2,2026-11-09,FASE_1,Piloto Ops híbrido início,COO,PLANEJADO,0%,"2 dias presencial"
-2,2026-11-09,FASE_1,Feedback consolidado,People Ops,PLANEJADO,0%,"De workshop"
-2,2026-11-09,FASE_1,Ajustes baseados feedback,Todos,PLANEJADO,0%,"Refinamentos"
-1,2026-11-16,FASE_1,Retrospectiva Ops piloto,COO,PLANEJADO,0%,"Sério, não performativo"
-1,2026-11-16,FASE_1,Town Hall "Go-Live Tomorrow",CEO,PLANEJADO,0%,"Último alinhamento"
-1,2026-11-16,FASE_1,Troubleshooting final,Todos,PLANEJADO,0%,"Last-minute fixes"
0,2026-11-23,FASE_2,Eng. vai remoto 🎉,VP Eng,PLANEJADO,0%,"Semana 0 go-live"
0,2026-11-23,FASE_2,Daily check-ins Eng,VP Eng,PLANEJADO,0%,"15 min standups"
0,2026-11-23,FASE_2,Monitor TI 24/7,CTO,PLANEJADO,0%,"Suporte intensivo"
0,2026-11-23,FASE_2,Feedback Eng collection,People Ops,PLANEJADO,0%,"Survey simples"
1,2026-11-30,FASE_2,Vendas + Exec vai remoto,VP Sales,PLANEJADO,0%,"Semana 1"
1,2026-11-30,FASE_2,Account Managers suporte,VP Sales,PLANEJADO,0%,"1:1 com clientes"
1,2026-11-30,FASE_2,Exec modelo positivo,CEO,PLANEJADO,0%,"Compartilhar sucesso Eng"
2,2026-12-07,FASE_2,Gestão Média vai remoto,VP Eng,PLANEJADO,0%,"Semana 2 - Higher risk"
2,2026-12-07,FASE_2,Buddy system ativa,People Ops,PLANEJADO,0%,"Gestor + Eng pair"
2,2026-12-07,FASE_2,Live Leadership 30 min,People Ops,PLANEJADO,0%,"Ter/Qui troubleshooting"
2,2026-12-07,FASE_2,Coaching 1:1 gestores,People Ops,PLANEJADO,0%,"Diariamente se needed"
3,2026-12-14,FASE_2,Operações hybrid test,COO,PLANEJADO,0%,"Semana 3 - Highest risk"
3,2026-12-14,FASE_2,Ops daily check-ins,COO,PLANEJADO,0%,"Morning huddle"
3,2026-12-14,FASE_2,Retrospectiva Ops séria,COO,PLANEJADO,0%,"Quinta"
3,2026-12-14,FASE_2,Decisão: Full remoto ou ajustar,COO,PLANEJADO,0%,"Sexta"
4,2026-12-21,FASE_2,Estabilização geral,Todos,PLANEJADO,0%,"Semana 4"
4,2026-12-21,FASE_2,Feedback consolidado todas grupos,People Ops,PLANEJADO,0%,"Survey completo"
4,2026-12-21,FASE_2,Problemas em backlog,CTO,PLANEJADO,0%,"Não mais crises"
5,2026-12-28,FASE_3,Estabilização técnica completa,CTO,PLANEJADO,0%,"SLA 99.5%"
6,2027-01-04,FASE_3,Follow-up coaching liderança R1,People Ops,PLANEJADO,0%,"3x coaching"
6,2027-01-04,FASE_3,Cultura remota intencional,People Ops,PLANEJADO,0%,"Virtual coffee"
7,2027-01-11,FASE_3,Workshop Gestão Remota em Ação,People Ops,PLANEJADO,0%,"2 horas"
8,2027-01-18,FASE_3,Follow-up coaching liderança R2,People Ops,PLANEJADO,0%,"Semana 8"
8,2027-01-18,FASE_3,Iteração processos,COO,PLANEJADO,0%,"Feedback 100%"
10,2027-02-01,FASE_3,Follow-up coaching liderança R3,People Ops,PLANEJADO,0%,"Semana 11"
12,2027-02-15,FASE_3,Documento Lições Aprendidas,Communications,PLANEJADO,0%,"Publicar"
12,2027-02-15,FASE_3,Comunicação vitória externa,Communications,PLANEJADO,0%,"Blog post"
12,2027-02-15,FASE_3,FASE 3 COMPLETA,CEO,PLANEJADO,0%,"Celebrar sucesso"
